Rating,Model,TYPE
5,hyundai kona,4-wheelers
1,hyundai kona,4-wheelers
5,hyundai kona,4-wheelers
5,hyundai kona,4-wheelers
4,hyundai kona,4-wheelers
4,hyundai kona,4-wheelers
5,hyundai kona,4-wheelers
5,hyundai kona,4-wheelers
4,hyundai kona,4-wheelers
4,hyundai kona,4-wheelers
5,hyundai kona,4-wheelers
5,hyundai kona,4-wheelers
4.5,hyundai kona,4-wheelers
5,hyundai kona,4-wheelers
5,hyundai kona,4-wheelers
1,hyundai kona,4-wheelers
5,hyundai kona,4-wheelers
5,hyundai kona,4-wheelers
1,hyundai kona,4-wheelers
5,hyundai kona,4-wheelers
5,hyundai kona,4-wheelers
5,hyundai kona,4-wheelers
4.5,Kia EV6,4-wheelers
4.5,Kia EV6,4-wheelers
4.5,Kia EV6,4-wheelers
5,Kia EV6,4-wheelers
5,Kia EV6,4-wheelers
5,Kia EV6,4-wheelers
4.5,Kia EV6,4-wheelers
4.5,Kia EV6,4-wheelers
5,Kia EV6,4-wheelers
3.5,Kia EV6,4-wheelers
4.5,Kia EV6,4-wheelers
4.5,Kia EV6,4-wheelers
5,Tata Nexon EV,4-wheelers
5,Tata Nexon EV,4-wheelers
5,Tata Nexon EV,4-wheelers
4,Tata Nexon EV,4-wheelers
5,Tata Nexon EV,4-wheelers
5,Tata Nexon EV,4-wheelers
3.5,Tata Nexon EV,4-wheelers
5,Tata Nexon EV,4-wheelers
2.5,Tata Nexon EV,4-wheelers
4.5,Tata Nexon EV,4-wheelers
5,Tata Nexon EV,4-wheelers
5,Tata Nexon EV,4-wheelers
3.5,Tata Nexon EV,4-wheelers
5,Tata Nexon EV,4-wheelers
5,Tata Nexon EV,4-wheelers
4.5,Tata Nexon EV,4-wheelers
4.5,Tata Nexon EV,4-wheelers
4.5,Tata Nexon EV,4-wheelers
5,Tata Nexon EV,4-wheelers
4.5,Tata Nexon EV,4-wheelers
4.5,Tata Nexon EV,4-wheelers
5,Tata Nexon EV,4-wheelers
4.5,Tata Nexon EV,4-wheelers
4.5,Tata Nexon EV,4-wheelers
5,Tata Nexon EV,4-wheelers
4,Tata Nexon EV,4-wheelers
5,Tata Nexon EV,4-wheelers
5,Tata Nexon EV,4-wheelers
4.5,Tata Nexon EV,4-wheelers
5,Tata Nexon EV,4-wheelers
4.5,Tata Nexon EV,4-wheelers
3.5,Tata Nexon EV,4-wheelers
5,Tata Nexon EV,4-wheelers
5,Tata Nexon EV,4-wheelers
5,Tata Nexon EV,4-wheelers
5,Tata Nexon EV,4-wheelers
5,Tata Nexon EV,4-wheelers
5,Tata Nexon EV,4-wheelers
5,Tata Nexon EV,4-wheelers
5,Tata Nexon EV,4-wheelers
4.5,Tata Nexon EV,4-wheelers
4.5,Tata Nexon EV,4-wheelers
5,Tata Nexon EV,4-wheelers
5,Tata Nexon EV,4-wheelers
4.5,Tata Nexon EV,4-wheelers
4.5,Tata Nexon EV,4-wheelers
2.5,Tata Nexon EV,4-wheelers
4.5,Tata Nexon EV,4-wheelers
5,Tata Nexon EV,4-wheelers
4.5,Tata Nexon EV,4-wheelers
5,Tata Nexon EV,4-wheelers
4,Tata Nexon EV,4-wheelers
1,Tata Nexon EV,4-wheelers
5,Tata Nexon EV,4-wheelers
4.5,Tata Nexon EV,4-wheelers
4.5,Tata Nexon EV,4-wheelers
5,Tata Nexon EV,4-wheelers
1,Tata Nexon EV,4-wheelers
5,Tata Nexon EV,4-wheelers
3.5,Tata Nexon EV,4-wheelers
2.5,Tata Nexon EV,4-wheelers
2,Tata Nexon EV,4-wheelers
1.5,Tata Nexon EV,4-wheelers
5,Tata Nexon EV,4-wheelers
5,Tata Nexon EV,4-wheelers
4.5,Tata Nexon EV,4-wheelers
5,Tata Nexon EV,4-wheelers
5,Tata Nexon EV,4-wheelers
2.5,Tata Nexon EV,4-wheelers
3.5,Tata Nexon EV,4-wheelers
1,Tata Nexon EV,4-wheelers
4,Tata Nexon EV,4-wheelers
4.5,Tata Nexon EV,4-wheelers
2,Tata Nexon EV,4-wheelers
4.5,MG ZS EV,4-wheelers
4.5,MG ZS EV,4-wheelers
5,MG ZS EV,4-wheelers
4.5,MG ZS EV,4-wheelers
3.5,MG ZS EV,4-wheelers
5,MG ZS EV,4-wheelers
4,MG ZS EV,4-wheelers
3.5,MG ZS EV,4-wheelers
4.5,MG ZS EV,4-wheelers
5,MG ZS EV,4-wheelers
5,MG ZS EV,4-wheelers
5,MG ZS EV,4-wheelers
4.5,Tata Tigor EV,4-wheelers
4.5,Tata Tigor EV,4-wheelers
4.5,Tata Tigor EV,4-wheelers
5,Tata Tigor EV,4-wheelers
5,Tata Tigor EV,4-wheelers
5,Tata Tigor EV,4-wheelers
3.5,Tata Tigor EV,4-wheelers
5,Tata Tigor EV,4-wheelers
4.5,Tata Tigor EV,4-wheelers
3.5,Tata Tigor EV,4-wheelers
5,Tata Tigor EV,4-wheelers
4.5,Tata Tigor EV,4-wheelers
5,Tata Tigor EV,4-wheelers
5,Tata Tigor EV,4-wheelers
4.5,Tata Tigor EV,4-wheelers
4.5,BYD E6,4-wheelers
4.5,BYD E6,4-wheelers
4.5,BYD E6,4-wheelers
4.5,BYD E6,4-wheelers
4.5,BYD E6,4-wheelers
